{"cameraMode":{"drawMode":0,"name":"Shaded","section":"Shading Mode"},"sceneLighting":false,"audioPlay":false,"sceneViewState":{"showFog":true,"showMaterialUpdate":false,"showSkybox":false,"showFlares":true,"showImageEffects":true,"showParticleSystems":true},"in2DMode":false,"pivot":{"x":0.27848532795906069,"y":0.42512959241867068,"z":-0.4233688712120056},"rotation":{"x":0.17414501309394837,"y":-0.7442405819892883,"z":0.20287172496318818,"w":0.6138023734092712},"size":10.052154541015625,"orthographic":false}