{"cameraMode":{"drawMode":0,"name":"Shaded","section":"Shading Mode"},"sceneLighting":false,"audioPlay":false,"sceneViewState":{"showFog":true,"showMaterialUpdate":false,"showSkybox":false,"showFlares":true,"showImageEffects":true,"showParticleSystems":true},"in2DMode":false,"pivot":{"x":2.8855156898498537,"y":-0.985331654548645,"z":-0.26087379455566409},"rotation":{"x":0.24174146354198457,"y":-0.743808925151825,"z":0.3472736179828644,"w":0.5177565813064575},"size":1.7705931663513184,"orthographic":false}