{"cameraMode":{"drawMode":0,"name":"Shaded","section":"Shading Mode"},"sceneLighting":false,"audioPlay":false,"sceneViewState":{"showFog":true,"showMaterialUpdate":false,"showSkybox":true,"showFlares":true,"showImageEffects":true,"showParticleSystems":true},"in2DMode":false,"pivot":{"x":209.66090393066407,"y":146.6580047607422,"z":-49.60921096801758},"rotation":{"x":0.0885964184999466,"y":-0.10388587415218353,"z":0.006635975558310747,"w":0.9917649030685425},"size":499.416748046875,"orthographic":false}