{"cameraMode":{"drawMode":0,"name":"Shaded","section":"Shading Mode"},"sceneLighting":true,"audioPlay":false,"sceneViewState":{"showFog":true,"showMaterialUpdate":false,"showSkybox":false,"showFlares":true,"showImageEffects":true,"showParticleSystems":true},"in2DMode":false,"pivot":{"x":21.7119140625,"y":5.860123157501221,"z":0.10052303224802017},"rotation":{"x":0.01887510158121586,"y":0.7067381143569946,"z":0.018869688734412195,"w":-0.7071618437767029},"size":4.664947986602783,"orthographic":false}