{"cameraMode":{"drawMode":0,"name":"Shaded","section":"Shading Mode"},"sceneLighting":true,"audioPlay":false,"sceneViewState":{"showFog":true,"showMaterialUpdate":false,"showSkybox":false,"showFlares":true,"showImageEffects":true,"showParticleSystems":true},"in2DMode":false,"pivot":{"x":-42.30454635620117,"y":2.1319580078125,"z":-0.11419558525085449},"rotation":{"x":-0.0012049791403114796,"y":-0.2081652283668518,"z":-0.00004989828448742628,"w":0.9781695008277893},"size":0.8684739470481873,"orthographic":false}